{
  "experiment": "ivr_multi_domain_comparison",
  "timestamp": "2026-03-30 13:19:52",
  "config": {
    "epochs": 1,
    "batch_size": 8192,
    "lr": 0.001,
    "device": "cuda:1",
    "max_samples": null
  },
  "dataset": {
    "train_samples": 3265331,
    "test_samples": 1231453,
    "num_features": 125,
    "num_domains": 19
  },
  "results": {
    "deepfm": {
      "AUC": 0.8405707721482952,
      "LogLoss": 0.267333200513762,
      "domain_0_auc": 0.7599839413899178,
      "domain_1_auc": 0.7789910305651854,
      "domain_2_auc": 0.793427495765243,
      "domain_3_auc": 0.7096458222383899,
      "domain_4_auc": 0.8366014974013873,
      "domain_5_auc": 0.7751322249735084,
      "domain_6_auc": 0.7987350409702576,
      "domain_8_auc": 0.8003463210905488,
      "domain_9_auc": 0.5708929564616383,
      "domain_10_auc": 0.7829130401701683,
      "domain_11_auc": 0.7006863542849854,
      "domain_12_auc": 0.707120497601431,
      "domain_13_auc": 0.8785896455629246,
      "domain_14_auc": 0.7525123849964614,
      "domain_15_auc": 0.9180557221089658,
      "domain_16_auc": 0.5686413902053713
    },
    "star": {
      "AUC": 0.8502379994796274,
      "LogLoss": 0.2621285649227158,
      "domain_0_auc": 0.78548455862352,
      "domain_1_auc": 0.78352468960333,
      "domain_2_auc": 0.8072969493582429,
      "domain_3_auc": 0.7298111370052764,
      "domain_4_auc": 0.8444153265532183,
      "domain_5_auc": 0.7796913140763131,
      "domain_6_auc": 0.8238992612080858,
      "domain_8_auc": 0.8450617268460175,
      "domain_9_auc": 0.6298709836565336,
      "domain_10_auc": 0.7852440639822913,
      "domain_11_auc": 0.73924541749231,
      "domain_12_auc": 0.6492372347345312,
      "domain_13_auc": 0.8705145870281638,
      "domain_14_auc": 0.7252451723789304,
      "domain_15_auc": 0.9414398209217731,
      "domain_16_auc": 0.7524486571879937
    },
    "m3oe": {
      "AUC": 0.8470160039356186,
      "LogLoss": 0.2643526895082717,
      "domain_0_auc": 0.7848386315969901,
      "domain_1_auc": 0.7805645497783835,
      "domain_2_auc": 0.8056504449107255,
      "domain_3_auc": 0.7264845855907719,
      "domain_4_auc": 0.8416149068415757,
      "domain_5_auc": 0.781458456649466,
      "domain_6_auc": 0.8170675046554337,
      "domain_8_auc": 0.8364895848057441,
      "domain_9_auc": 0.5157475745439398,
      "domain_10_auc": 0.7887817145654845,
      "domain_11_auc": 0.7227017736642285,
      "domain_12_auc": 0.7006743434425564,
      "domain_13_auc": 0.8759154951907451,
      "domain_14_auc": 0.756789000101102,
      "domain_15_auc": 0.9335252028620538,
      "domain_16_auc": 0.5389020537124802
    }
  },
  "train_times": {
    "deepfm": 26.065357446670532,
    "star": 43.502846240997314,
    "m3oe": 46.524007081985474
  },
  "total_time": 134.5455584526062
}