{
  "experiment": "ivr_multi_domain_comparison",
  "timestamp": "2026-03-30 12:42:21",
  "config": {
    "epochs": 1,
    "batch_size": 8192,
    "lr": 0.001,
    "device": "cpu",
    "max_samples": null
  },
  "dataset": {
    "train_samples": 3265331,
    "test_samples": 1231453,
    "num_features": 125,
    "num_domains": 19
  },
  "results": {
    "deepfm": {
      "AUC": 0.8407782606322405,
      "LogLoss": 0.2675869401444696,
      "domain_0_auc": 0.7611619540453722,
      "domain_1_auc": 0.7789928208911244,
      "domain_2_auc": 0.7951082156035967,
      "domain_3_auc": 0.7109204944933589,
      "domain_4_auc": 0.8354515376206312,
      "domain_5_auc": 0.7733421512606247,
      "domain_6_auc": 0.788393335415692,
      "domain_8_auc": 0.806854063736202,
      "domain_9_auc": 0.5623420457375039,
      "domain_10_auc": 0.7809229566502821,
      "domain_11_auc": 0.6992262128243207,
      "domain_12_auc": 0.7136250914708512,
      "domain_13_auc": 0.8734679891066612,
      "domain_14_auc": 0.7335456475583864,
      "domain_15_auc": 0.9153975296798178,
      "domain_16_auc": 0.4890995260663507
    },
    "star": {
      "AUC": 0.847880501893014,
      "LogLoss": 0.2629516099026903,
      "domain_0_auc": 0.7776558720738711,
      "domain_1_auc": 0.7818785827634542,
      "domain_2_auc": 0.8057052257162304,
      "domain_3_auc": 0.7283722581267275,
      "domain_4_auc": 0.8383029043534272,
      "domain_5_auc": 0.7711896911870003,
      "domain_6_auc": 0.8209264184505376,
      "domain_8_auc": 0.8465175928668252,
      "domain_9_auc": 0.6784516642503252,
      "domain_10_auc": 0.7632185177098737,
      "domain_11_auc": 0.7401319728504805,
      "domain_12_auc": 0.6287630091877388,
      "domain_13_auc": 0.8497701488213415,
      "domain_14_auc": 0.7033515316954808,
      "domain_15_auc": 0.9241515769276892,
      "domain_16_auc": 0.720695102685624
    },
    "m3oe": {
      "AUC": 0.8446524279485258,
      "LogLoss": 0.2653620626080004,
      "domain_0_auc": 0.7747165303425662,
      "domain_1_auc": 0.7807423103801265,
      "domain_2_auc": 0.8048337960057736,
      "domain_3_auc": 0.7246237614669171,
      "domain_4_auc": 0.8411334501477371,
      "domain_5_auc": 0.7818793368496892,
      "domain_6_auc": 0.8191018132067711,
      "domain_8_auc": 0.8130903325869875,
      "domain_9_auc": 0.49385796450188846,
      "domain_10_auc": 0.7898484267420534,
      "domain_11_auc": 0.7097571624907775,
      "domain_12_auc": 0.6898147207090007,
      "domain_13_auc": 0.868095546601885,
      "domain_14_auc": 0.7640986755636437,
      "domain_15_auc": 0.9190350561618099,
      "domain_16_auc": 0.5105055292259084
    }
  },
  "train_times": {
    "deepfm": 159.29561567306519,
    "star": 308.60041666030884,
    "m3oe": 290.3753592967987
  },
  "total_time": 804.2529385089874
}