{
  "experiment": "ivr_ssl_comparison",
  "timestamp": "2026-03-30 14:27:43",
  "config": {
    "epochs": 1,
    "batch_size": 8192,
    "lr": 0.001,
    "device": "cuda:1",
    "max_samples": null,
    "cl_weight": 0.1
  },
  "dataset": {
    "train_samples": 3265331,
    "test_samples": 1231453,
    "num_features": 125
  },
  "results": {
    "deepfm": {
      "AUC": 0.8410634576597816,
      "LogLoss": 0.26937257886132543,
      "domain_0_auc": 0.7636388490389132,
      "domain_1_auc": 0.7776516988277024,
      "domain_2_auc": 0.7954604236822143,
      "domain_3_auc": 0.7092657160850675,
      "domain_4_auc": 0.8368032047862558,
      "domain_5_auc": 0.7723543717161746,
      "domain_6_auc": 0.8044002874400236,
      "domain_8_auc": 0.8027217181407607,
      "domain_9_auc": 0.572644852494572,
      "domain_10_auc": 0.7803217698956959,
      "domain_11_auc": 0.7067011369637973,
      "domain_12_auc": 0.7131016749329213,
      "domain_13_auc": 0.8747820935878764,
      "domain_14_auc": 0.7602669093114953,
      "domain_15_auc": 0.9133189431186792,
      "domain_16_auc": 0.5875987361769353
    },
    "simgcl": {
      "AUC": 0.8394609127868798,
      "LogLoss": 0.2706085817287137,
      "domain_0_auc": 0.7510473988863761,
      "domain_1_auc": 0.7779168986581226,
      "domain_2_auc": 0.7935297631857636,
      "domain_3_auc": 0.6976473140472872,
      "domain_4_auc": 0.8342497112081859,
      "domain_5_auc": 0.7701037910361785,
      "domain_6_auc": 0.8002588691584474,
      "domain_8_auc": 0.7869777144395478,
      "domain_9_auc": 0.5470335724076302,
      "domain_10_auc": 0.7805533068402376,
      "domain_11_auc": 0.7010459793261905,
      "domain_12_auc": 0.7139655663062038,
      "domain_13_auc": 0.8726850033546238,
      "domain_14_auc": 0.7684966130826003,
      "domain_15_auc": 0.9209937242674981,
      "domain_16_auc": 0.5779620853080568
    },
    "supcon": {
      "AUC": 0.8414775550320159,
      "LogLoss": 0.2669671688492513,
      "domain_0_auc": 0.7590381444731628,
      "domain_1_auc": 0.7788696502112359,
      "domain_2_auc": 0.7955752097911355,
      "domain_3_auc": 0.7133886175176847,
      "domain_4_auc": 0.8359646997174508,
      "domain_5_auc": 0.7746733487027734,
      "domain_6_auc": 0.792774775303774,
      "domain_8_auc": 0.8025903507234776,
      "domain_9_auc": 0.5818985578746746,
      "domain_10_auc": 0.7819433555306347,
      "domain_11_auc": 0.7028922505426621,
      "domain_12_auc": 0.7181325717538012,
      "domain_13_auc": 0.8721423542324109,
      "domain_14_auc": 0.7576685876048933,
      "domain_15_auc": 0.91903505616181,
      "domain_16_auc": 0.5705371248025277
    },
    "domain_cl": {
      "AUC": 0.8409631946223178,
      "LogLoss": 0.2676110029661442,
      "domain_0_auc": 0.7624598392079764,
      "domain_1_auc": 0.7781577015283688,
      "domain_2_auc": 0.7961274053489604,
      "domain_3_auc": 0.7056171962399838,
      "domain_4_auc": 0.8349318038186351,
      "domain_5_auc": 0.7697460686360611,
      "domain_6_auc": 0.7961385646321183,
      "domain_8_auc": 0.7974007598782631,
      "domain_9_auc": 0.5754278146111474,
      "domain_10_auc": 0.7757012801845726,
      "domain_11_auc": 0.7010239856618927,
      "domain_12_auc": 0.7201855841938369,
      "domain_13_auc": 0.875119357584152,
      "domain_14_auc": 0.756869881710646,
      "domain_15_auc": 0.9081024903065915,
      "domain_16_auc": 0.5459715639810427
    },
    "feature_mask": {
      "AUC": 0.8405677809768657,
      "LogLoss": 0.26878768019121585,
      "domain_0_auc": 0.759890858062174,
      "domain_1_auc": 0.7771870910521068,
      "domain_2_auc": 0.7955175491846338,
      "domain_3_auc": 0.7079552362100863,
      "domain_4_auc": 0.8367106328165321,
      "domain_5_auc": 0.7750236273541427,
      "domain_6_auc": 0.8056905489267994,
      "domain_8_auc": 0.8098648653063543,
      "domain_9_auc": 0.6202382462248058,
      "domain_10_auc": 0.781316383375795,
      "domain_11_auc": 0.7045392096821924,
      "domain_12_auc": 0.7043509634929669,
      "domain_13_auc": 0.8772679742612801,
      "domain_14_auc": 0.7628551208169042,
      "domain_15_auc": 0.9178158851980653,
      "domain_16_auc": 0.609478672985782
    },
    "directau": {
      "AUC": 0.8410438073952384,
      "LogLoss": 0.26868094065274334,
      "domain_0_auc": 0.7614704945566293,
      "domain_1_auc": 0.7780050336232736,
      "domain_2_auc": 0.7968309228469646,
      "domain_3_auc": 0.7131998848068455,
      "domain_4_auc": 0.8355817603476442,
      "domain_5_auc": 0.7743142828792157,
      "domain_6_auc": 0.798981066168511,
      "domain_8_auc": 0.7986619034408096,
      "domain_9_auc": 0.6078799978124935,
      "domain_10_auc": 0.782714229713004,
      "domain_11_auc": 0.7016502948942223,
      "domain_12_auc": 0.7146617611187902,
      "domain_13_auc": 0.8743965460707662,
      "domain_14_auc": 0.7613891416439189,
      "domain_15_auc": 0.916436822960387,
      "domain_16_auc": 0.5812796208530806
    }
  },
  "train_times": {
    "deepfm": 25.417722940444946,
    "simgcl": 58.91474723815918,
    "supcon": 57.516830921173096,
    "domain_cl": 57.66311240196228,
    "feature_mask": 58.284847021102905,
    "directau": 37.604546546936035
  },
  "total_time": 324.7081620693207
}