{
  "experiment": "ivr_multi_domain_comparison",
  "timestamp": "2026-03-30 12:25:35",
  "config": {
    "epochs": 1,
    "batch_size": 8192,
    "lr": 0.001,
    "device": "cuda:1",
    "max_samples": null
  },
  "dataset": {
    "train_samples": 3265331,
    "test_samples": 1231453,
    "num_features": 125,
    "num_domains": 19
  },
  "results": {
    "deepfm": {
      "AUC": 0.8424505532559368,
      "LogLoss": 0.2671093107267596,
      "domain_0_auc": 0.7642205459502126,
      "domain_1_auc": 0.778680871168126,
      "domain_2_auc": 0.7939220602335038,
      "domain_3_auc": 0.7150900520162788,
      "domain_4_auc": 0.8362069690468326,
      "domain_5_auc": 0.7728079841328003,
      "domain_6_auc": 0.8033445595252429,
      "domain_8_auc": 0.819311151954574,
      "domain_9_auc": 0.5875470953869211,
      "domain_10_auc": 0.7848178516963189,
      "domain_11_auc": 0.7072100707961078,
      "domain_12_auc": 0.7113942190421986,
      "domain_13_auc": 0.8738618240937651,
      "domain_14_auc": 0.7560206248104338,
      "domain_15_auc": 0.9257704760762681,
      "domain_16_auc": 0.5021327014218009
    },
    "star": {
      "AUC": 0.8472096450484428,
      "LogLoss": 0.2665013755864008,
      "domain_0_auc": 0.766087145520185,
      "domain_1_auc": 0.783195904520142,
      "domain_2_auc": 0.8032449927870775,
      "domain_3_auc": 0.732047164840107,
      "domain_4_auc": 0.8413207823320707,
      "domain_5_auc": 0.7755996856355353,
      "domain_6_auc": 0.8205617396012588,
      "domain_8_auc": 0.8430264261123414,
      "domain_9_auc": 0.6675283852245568,
      "domain_10_auc": 0.7764082372923168,
      "domain_11_auc": 0.7283193122989334,
      "domain_12_auc": 0.6410683795430523,
      "domain_13_auc": 0.8554672439550112,
      "domain_14_auc": 0.6734101708624002,
      "domain_15_auc": 0.9490146700243836,
      "domain_16_auc": 0.580173775671406
    },
    "m3oe": {
      "AUC": 0.8455572458507536,
      "LogLoss": 0.2649152258442466,
      "domain_0_auc": 0.7709683086939082,
      "domain_1_auc": 0.7800211542874725,
      "domain_2_auc": 0.8046342080280846,
      "domain_3_auc": 0.7205609936418835,
      "domain_4_auc": 0.8411562367724144,
      "domain_5_auc": 0.7807478109971189,
      "domain_6_auc": 0.8166960850157416,
      "domain_8_auc": 0.8118279009397862,
      "domain_9_auc": 0.5460071605932332,
      "domain_10_auc": 0.7881939374004915,
      "domain_11_auc": 0.7163304858732258,
      "domain_12_auc": 0.7130152857955931,
      "domain_13_auc": 0.8663775180396603,
      "domain_14_auc": 0.763658881811748,
      "domain_15_auc": 0.9165367550065955,
      "domain_16_auc": 0.5204581358609794
    }
  },
  "train_times": {
    "deepfm": 29.230621099472046,
    "star": 48.49451470375061,
    "m3oe": 51.332711935043335
  },
  "total_time": 149.05143284797668
}